niche,tone,hook,idea,hashtags
fitness_coaching,educational,Best time to work out?,Discuss morning vs. evening workouts with pros and cons.,#FitnessTips #WorkoutMotivation #FitLife
fitness_coaching,educational,The role of hydration,Share tips for staying hydrated during intense training.,#FitnessTips #WorkoutMotivation #FitLife
fitness_coaching,educational,Rest days are essential,Explain muscle recovery and why rest improves gains.,#FitnessTips #WorkoutMotivation #FitLife
fitness_coaching,educational,The role of hydration,Share tips for staying hydrated during intense training.,#FitnessTips #WorkoutMotivation #FitLife
fitness_coaching,educational,Build strength without heavy weights,Introduce resistance band training basics.,#FitnessTips #WorkoutMotivation #FitLife
fitness_coaching,educational,Rest days are essential,Explain muscle recovery and why rest improves gains.,#FitnessTips #WorkoutMotivation #FitLife
fitness_coaching,educational,Best time to work out?,Discuss morning vs. evening workouts with pros and cons.,#FitnessTips #WorkoutMotivation #FitLife
fitness_coaching,educational,Rest days are essential,Explain muscle recovery and why rest improves gains.,#FitnessTips #WorkoutMotivation #FitLife
fitness_coaching,educational,Rest days are essential,Explain muscle recovery and why rest improves gains.,#FitnessTips #WorkoutMotivation #FitLife
fitness_coaching,educational,Avoid these workout mistakes,List 5 common form errors that prevent progress.,#FitnessTips #WorkoutMotivation #FitLife
fitness_coaching,entertaining,Gym fails compilation,Share hilarious clips with light-hearted captions.,#FitnessTips #WorkoutMotivation #FitLife
fitness_coaching,entertaining,Fitness memes roundup,Curate and share top workout memes.,#FitnessTips #WorkoutMotivation #FitLife
fitness_coaching,entertaining,Trainer reacts to TikTok workouts,Record your funny commentary on trending exercises.,#FitnessTips #WorkoutMotivation #FitLife
fitness_coaching,entertaining,Fitness memes roundup,Curate and share top workout memes.,#FitnessTips #WorkoutMotivation #FitLife
fitness_coaching,entertaining,Workout with pets,Show your dog interrupting yoga poses.,#FitnessTips #WorkoutMotivation #FitLife
fitness_coaching,entertaining,Gym fails compilation,Share hilarious clips with light-hearted captions.,#FitnessTips #WorkoutMotivation #FitLife
fitness_coaching,entertaining,You won't believe my 'weights' today,Funny video doing squats with grocery bags.,#FitnessTips #WorkoutMotivation #FitLife
fitness_coaching,entertaining,POV: leg day aftermath,Show the struggle of walking up stairs after squats.,#FitnessTips #WorkoutMotivation #FitLife
fitness_coaching,entertaining,You won't believe my 'weights' today,Funny video doing squats with grocery bags.,#FitnessTips #WorkoutMotivation #FitLife
fitness_coaching,entertaining,Recreating vintage workout videos,Dress 80s-style and mimic old routines.,#FitnessTips #WorkoutMotivation #FitLife
fitness_coaching,promotional,Free trial week!,Invite followers to try your online training platform.,#FitnessTips #WorkoutMotivation #FitLife
fitness_coaching,promotional,Exclusive group access,Promote a members-only Facebook community.,#FitnessTips #WorkoutMotivation #FitLife
fitness_coaching,promotional,Exclusive group access,Promote a members-only Facebook community.,#FitnessTips #WorkoutMotivation #FitLife
fitness_coaching,promotional,Flash sale today only,Urgent discount on your signature program.,#FitnessTips #WorkoutMotivation #FitLife
fitness_coaching,promotional,Flash sale today only,Urgent discount on your signature program.,#FitnessTips #WorkoutMotivation #FitLife
fitness_coaching,promotional,Your fitness journey starts here,Announce your new beginner program with limited slots.,#FitnessTips #WorkoutMotivation #FitLife
fitness_coaching,promotional,Your fitness journey starts here,Announce your new beginner program with limited slots.,#FitnessTips #WorkoutMotivation #FitLife
fitness_coaching,promotional,Flash sale today only,Urgent discount on your signature program.,#FitnessTips #WorkoutMotivation #FitLife
fitness_coaching,promotional,New e-book out now,Show cover of your '30 Days to Fit' guide.,#FitnessTips #WorkoutMotivation #FitLife
fitness_coaching,promotional,Your fitness journey starts here,Announce your new beginner program with limited slots.,#FitnessTips #WorkoutMotivation #FitLife
fitness_coaching,storytelling,How fitness saved my mental health,Open up about the emotional benefits of exercise.,#FitnessTips #WorkoutMotivation #FitLife
fitness_coaching,storytelling,I used to hate the gym,Share your personal struggle and how you overcame it.,#FitnessTips #WorkoutMotivation #FitLife
fitness_coaching,storytelling,From 0 push-ups to 20,Tell your progress journey with tips.,#FitnessTips #WorkoutMotivation #FitLife
fitness_coaching,storytelling,From burnout to balanced,Tell a story about finding a healthy routine.,#FitnessTips #WorkoutMotivation #FitLife
fitness_coaching,storytelling,From burnout to balanced,Tell a story about finding a healthy routine.,#FitnessTips #WorkoutMotivation #FitLife
fitness_coaching,storytelling,The client who changed me,Share a transformation story that inspired you.,#FitnessTips #WorkoutMotivation #FitLife
fitness_coaching,storytelling,The client who changed me,Share a transformation story that inspired you.,#FitnessTips #WorkoutMotivation #FitLife
fitness_coaching,storytelling,The hardest workout I ever did,Describe it vividly and lessons learned.,#FitnessTips #WorkoutMotivation #FitLife
fitness_coaching,storytelling,The client who changed me,Share a transformation story that inspired you.,#FitnessTips #WorkoutMotivation #FitLife
fitness_coaching,storytelling,Injury comeback,Describe how you recovered and what you learned.,#FitnessTips #WorkoutMotivation #FitLife
eco_friendly_skincare,educational,Eco-friendly packaging,Discuss biodegradable and recyclable packaging options.,#EcoBeauty #NaturalSkincare #SustainableBeauty
eco_friendly_skincare,educational,The truth about parabens,Educate followers on what parabens are and why to avoid them.,#EcoBeauty #NaturalSkincare #SustainableBeauty
eco_friendly_skincare,educational,What is pH balance?,Explain why pH matters for skin health.,#EcoBeauty #NaturalSkincare #SustainableBeauty
eco_friendly_skincare,educational,Eco-friendly packaging,Discuss biodegradable and recyclable packaging options.,#EcoBeauty #NaturalSkincare #SustainableBeauty
eco_friendly_skincare,educational,DIY face masks,Share recipes using kitchen ingredients.,#EcoBeauty #NaturalSkincare #SustainableBeauty
eco_friendly_skincare,educational,Why natural ingredients matter,Explain the benefits of avoiding synthetic chemicals in skincare.,#EcoBeauty #NaturalSkincare #SustainableBeauty
eco_friendly_skincare,educational,What is pH balance?,Explain why pH matters for skin health.,#EcoBeauty #NaturalSkincare #SustainableBeauty
eco_friendly_skincare,educational,Benefits of aloe vera,Highlight its soothing and healing properties.,#EcoBeauty #NaturalSkincare #SustainableBeauty
eco_friendly_skincare,educational,Oil cleansing 101,Step-by-step guide to using oils for skin cleansing.,#EcoBeauty #NaturalSkincare #SustainableBeauty
eco_friendly_skincare,educational,DIY face masks,Share recipes using kitchen ingredients.,#EcoBeauty #NaturalSkincare #SustainableBeauty
eco_friendly_skincare,entertaining,Pet interrupts self-care,Cat knocks over your face mask bowl.,#EcoBeauty #NaturalSkincare #SustainableBeauty
eco_friendly_skincare,entertaining,Skincare ASMR,Over-the-top sound effects for product use.,#EcoBeauty #NaturalSkincare #SustainableBeauty
eco_friendly_skincare,entertaining,Unboxing gone wrong,Funny mishap while opening eco products.,#EcoBeauty #NaturalSkincare #SustainableBeauty
eco_friendly_skincare,entertaining,Unboxing gone wrong,Funny mishap while opening eco products.,#EcoBeauty #NaturalSkincare #SustainableBeauty
eco_friendly_skincare,entertaining,Skincare myths busted,React humorously to viral skincare myths.,#EcoBeauty #NaturalSkincare #SustainableBeauty
eco_friendly_skincare,entertaining,Unboxing gone wrong,Funny mishap while opening eco products.,#EcoBeauty #NaturalSkincare #SustainableBeauty
eco_friendly_skincare,entertaining,Skincare myths busted,React humorously to viral skincare myths.,#EcoBeauty #NaturalSkincare #SustainableBeauty
eco_friendly_skincare,entertaining,'Expectation vs reality' DIY mask,Funny comparison of recipe vs result.,#EcoBeauty #NaturalSkincare #SustainableBeauty
eco_friendly_skincare,entertaining,'Expectation vs reality' DIY mask,Funny comparison of recipe vs result.,#EcoBeauty #NaturalSkincare #SustainableBeauty
eco_friendly_skincare,entertaining,Skincare with toddlers,Show the chaos of kids interrupting routines.,#EcoBeauty #NaturalSkincare #SustainableBeauty
eco_friendly_skincare,promotional,Giveaway,Free kit for followers who comment & share.,#EcoBeauty #NaturalSkincare #SustainableBeauty
eco_friendly_skincare,promotional,Holiday sale,Special offers for festive season.,#EcoBeauty #NaturalSkincare #SustainableBeauty
eco_friendly_skincare,promotional,Limited edition set,Promote seasonal eco-friendly gift sets.,#EcoBeauty #NaturalSkincare #SustainableBeauty
eco_friendly_skincare,promotional,Customer spotlight,Show before/after from a happy customer.,#EcoBeauty #NaturalSkincare #SustainableBeauty
eco_friendly_skincare,promotional,Free shipping today,Highlight free delivery for orders over $30.,#EcoBeauty #NaturalSkincare #SustainableBeauty
eco_friendly_skincare,promotional,Giveaway,Free kit for followers who comment & share.,#EcoBeauty #NaturalSkincare #SustainableBeauty
eco_friendly_skincare,promotional,Eco challenge,Encourage switching 1 product to eco alternative.,#EcoBeauty #NaturalSkincare #SustainableBeauty
eco_friendly_skincare,promotional,Eco challenge,Encourage switching 1 product to eco alternative.,#EcoBeauty #NaturalSkincare #SustainableBeauty
eco_friendly_skincare,promotional,Limited edition set,Promote seasonal eco-friendly gift sets.,#EcoBeauty #NaturalSkincare #SustainableBeauty
eco_friendly_skincare,promotional,First order discount,Offer 15% off first-time buyers.,#EcoBeauty #NaturalSkincare #SustainableBeauty
eco_friendly_skincare,storytelling,A skincare fail,Funny or relatable mistake from the past.,#EcoBeauty #NaturalSkincare #SustainableBeauty
eco_friendly_skincare,storytelling,My journey to clean skincare,Share your personal transition story.,#EcoBeauty #NaturalSkincare #SustainableBeauty
eco_friendly_skincare,storytelling,From kitchen experiments to brand,Evolution of your products.,#EcoBeauty #NaturalSkincare #SustainableBeauty
eco_friendly_skincare,storytelling,The day I ditched harsh cleansers,Talk about skin changes after switching.,#EcoBeauty #NaturalSkincare #SustainableBeauty
eco_friendly_skincare,storytelling,Grandma's skincare secret,Family tradition passed down.,#EcoBeauty #NaturalSkincare #SustainableBeauty
eco_friendly_skincare,storytelling,From kitchen experiments to brand,Evolution of your products.,#EcoBeauty #NaturalSkincare #SustainableBeauty
eco_friendly_skincare,storytelling,From acne to confidence,Customer success story using your products.,#EcoBeauty #NaturalSkincare #SustainableBeauty
eco_friendly_skincare,storytelling,Travel skincare mishap,Lesson learned while abroad.,#EcoBeauty #NaturalSkincare #SustainableBeauty
eco_friendly_skincare,storytelling,The day I ditched harsh cleansers,Talk about skin changes after switching.,#EcoBeauty #NaturalSkincare #SustainableBeauty
eco_friendly_skincare,storytelling,Travel skincare mishap,Lesson learned while abroad.,#EcoBeauty #NaturalSkincare #SustainableBeauty
book_reviews,educational,Note-taking for readers,How to annotate and remember what you read.,#BookLover #BookReview #ReadersLife
book_reviews,educational,Note-taking for readers,How to annotate and remember what you read.,#BookLover #BookReview #ReadersLife
book_reviews,educational,Why re-reading matters,Explain the value of revisiting books.,#BookLover #BookReview #ReadersLife
book_reviews,educational,How to choose your next read,Teach strategies for picking books you'll love.,#BookLover #BookReview #ReadersLife
book_reviews,educational,Genres explained,Introduce lesser-known genres to followers.,#BookLover #BookReview #ReadersLife
book_reviews,educational,The history of the novel,Brief look at how novels evolved.,#BookLover #BookReview #ReadersLife
book_reviews,educational,How to review a book,"Tips for writing helpful, balanced reviews.",#BookLover #BookReview #ReadersLife
book_reviews,educational,Best apps for readers,Share your favorite book tracking tools.,#BookLover #BookReview #ReadersLife
book_reviews,educational,Benefits of daily reading,List mental and emotional benefits.,#BookLover #BookReview #ReadersLife
book_reviews,educational,The history of the novel,Brief look at how novels evolved.,#BookLover #BookReview #ReadersLife
book_reviews,entertaining,Book shopping haul,Over-the-top excitement unboxing books.,#BookLover #BookReview #ReadersLife
book_reviews,entertaining,Unpopular book opinions,Share hot takes in a humorous way.,#BookLover #BookReview #ReadersLife
book_reviews,entertaining,Pet interrupts reading,Cat sits on your open book.,#BookLover #BookReview #ReadersLife
book_reviews,entertaining,Pet interrupts reading,Cat sits on your open book.,#BookLover #BookReview #ReadersLife
book_reviews,entertaining,Acting out favorite scenes,Short dramatic re-enactments.,#BookLover #BookReview #ReadersLife
book_reviews,entertaining,When the plot twist hits,Funny facial expression compilation.,#BookLover #BookReview #ReadersLife
book_reviews,entertaining,Meme roundup,Top reading memes of the week.,#BookLover #BookReview #ReadersLife
book_reviews,entertaining,If books were people,Act out book genres as personalities.,#BookLover #BookReview #ReadersLife
book_reviews,entertaining,Unpopular book opinions,Share hot takes in a humorous way.,#BookLover #BookReview #ReadersLife
book_reviews,entertaining,Unpopular book opinions,Share hot takes in a humorous way.,#BookLover #BookReview #ReadersLife
book_reviews,promotional,Seasonal reading list,Promote your holiday picks.,#BookLover #BookReview #ReadersLife
book_reviews,promotional,Merch drop,Book-themed merch announcement.,#BookLover #BookReview #ReadersLife
book_reviews,promotional,Join my book club,Invite followers to exclusive discussions.,#BookLover #BookReview #ReadersLife
book_reviews,promotional,Merch drop,Book-themed merch announcement.,#BookLover #BookReview #ReadersLife
book_reviews,promotional,Signed copy giveaway,Contest to win an autographed book.,#BookLover #BookReview #ReadersLife
book_reviews,promotional,Top 5 must-reads,Curated list with affiliate links.,#BookLover #BookReview #ReadersLife
book_reviews,promotional,Signed copy giveaway,Contest to win an autographed book.,#BookLover #BookReview #ReadersLife
book_reviews,promotional,Top 5 must-reads,Curated list with affiliate links.,#BookLover #BookReview #ReadersLife
book_reviews,promotional,Seasonal reading list,Promote your holiday picks.,#BookLover #BookReview #ReadersLife
book_reviews,promotional,Bundle deal,E-book + audiobook combo discount.,#BookLover #BookReview #ReadersLife
book_reviews,storytelling,How I became a reviewer,Your journey into book reviewing.,#BookLover #BookReview #ReadersLife
book_reviews,storytelling,A bookish disaster,Funny mishap involving books.,#BookLover #BookReview #ReadersLife
book_reviews,storytelling,Book club drama,Memorable or funny incident.,#BookLover #BookReview #ReadersLife
book_reviews,storytelling,Meeting my favorite author,Describe the experience.,#BookLover #BookReview #ReadersLife
book_reviews,storytelling,Finding rare editions,Treasure hunt experience.,#BookLover #BookReview #ReadersLife
book_reviews,storytelling,A bookish disaster,Funny mishap involving books.,#BookLover #BookReview #ReadersLife
book_reviews,storytelling,How I became a reviewer,Your journey into book reviewing.,#BookLover #BookReview #ReadersLife
book_reviews,storytelling,How reading helped me cope,Books as therapy story.,#BookLover #BookReview #ReadersLife
book_reviews,storytelling,A bookish disaster,Funny mishap involving books.,#BookLover #BookReview #ReadersLife
book_reviews,storytelling,Meeting my favorite author,Describe the experience.,#BookLover #BookReview #ReadersLife
freelance_side_hustle_tips,educational,Invoicing basics,How to create and send professional invoices.,#FreelanceLife #SideHustleTips #WorkFromHome
freelance_side_hustle_tips,educational,Tax tips for freelancers,Basic deductions and filing tips.,#FreelanceLife #SideHustleTips #WorkFromHome
freelance_side_hustle_tips,educational,Best freelance platforms,Pros and cons of each site.,#FreelanceLife #SideHustleTips #WorkFromHome
freelance_side_hustle_tips,educational,Building a portfolio,Showcase work without big clients.,#FreelanceLife #SideHustleTips #WorkFromHome
freelance_side_hustle_tips,educational,Networking for introverts,Low-stress ways to connect.,#FreelanceLife #SideHustleTips #WorkFromHome
freelance_side_hustle_tips,educational,Finding your first client,Step-by-step outreach plan.,#FreelanceLife #SideHustleTips #WorkFromHome
freelance_side_hustle_tips,educational,Time management hacks,Share productivity techniques for freelancers.,#FreelanceLife #SideHustleTips #WorkFromHome
freelance_side_hustle_tips,educational,How to set freelance rates,Teach a formula for fair pricing.,#FreelanceLife #SideHustleTips #WorkFromHome
freelance_side_hustle_tips,educational,Tax tips for freelancers,Basic deductions and filing tips.,#FreelanceLife #SideHustleTips #WorkFromHome
freelance_side_hustle_tips,educational,Avoiding burnout,Signs and solutions for overwork.,#FreelanceLife #SideHustleTips #WorkFromHome
freelance_side_hustle_tips,entertaining,Monday as a freelancer,Funny contrast to corporate life.,#FreelanceLife #SideHustleTips #WorkFromHome
freelance_side_hustle_tips,entertaining,Pet coworker moments,Show pet interrupting work.,#FreelanceLife #SideHustleTips #WorkFromHome
freelance_side_hustle_tips,entertaining,POV: you get paid instantly,Over-the-top celebration.,#FreelanceLife #SideHustleTips #WorkFromHome
freelance_side_hustle_tips,entertaining,Zoom call bloopers,Relatable mishaps.,#FreelanceLife #SideHustleTips #WorkFromHome
freelance_side_hustle_tips,entertaining,Freelance fashion,Work from home outfit humor.,#FreelanceLife #SideHustleTips #WorkFromHome
freelance_side_hustle_tips,entertaining,Zoom call bloopers,Relatable mishaps.,#FreelanceLife #SideHustleTips #WorkFromHome
freelance_side_hustle_tips,entertaining,POV: you get paid instantly,Over-the-top celebration.,#FreelanceLife #SideHustleTips #WorkFromHome
freelance_side_hustle_tips,entertaining,Freelance fashion,Work from home outfit humor.,#FreelanceLife #SideHustleTips #WorkFromHome
freelance_side_hustle_tips,entertaining,Freelancer stereotypes,Act out common types.,#FreelanceLife #SideHustleTips #WorkFromHome
freelance_side_hustle_tips,entertaining,Freelancer stereotypes,Act out common types.,#FreelanceLife #SideHustleTips #WorkFromHome
freelance_side_hustle_tips,promotional,Webinar invite,Live training session announcement.,#FreelanceLife #SideHustleTips #WorkFromHome
freelance_side_hustle_tips,promotional,Workshop series,Multi-part training offer.,#FreelanceLife #SideHustleTips #WorkFromHome
freelance_side_hustle_tips,promotional,Discount on services,Limited-time rate drop.,#FreelanceLife #SideHustleTips #WorkFromHome
freelance_side_hustle_tips,promotional,E-book launch,Promote your guide to freelancing.,#FreelanceLife #SideHustleTips #WorkFromHome
freelance_side_hustle_tips,promotional,E-book launch,Promote your guide to freelancing.,#FreelanceLife #SideHustleTips #WorkFromHome
freelance_side_hustle_tips,promotional,Free checklist,Downloadable client onboarding list.,#FreelanceLife #SideHustleTips #WorkFromHome
freelance_side_hustle_tips,promotional,Referral program,Rewards for bringing clients.,#FreelanceLife #SideHustleTips #WorkFromHome
freelance_side_hustle_tips,promotional,Workshop series,Multi-part training offer.,#FreelanceLife #SideHustleTips #WorkFromHome
freelance_side_hustle_tips,promotional,Discount on services,Limited-time rate drop.,#FreelanceLife #SideHustleTips #WorkFromHome
freelance_side_hustle_tips,promotional,New coaching program,Offer to teach freelancing skills.,#FreelanceLife #SideHustleTips #WorkFromHome
freelance_side_hustle_tips,storytelling,Travel while working,Digital nomad experience.,#FreelanceLife #SideHustleTips #WorkFromHome
freelance_side_hustle_tips,storytelling,Biggest project ever,How you handled it.,#FreelanceLife #SideHustleTips #WorkFromHome
freelance_side_hustle_tips,storytelling,From 9-5 to freedom,Your quitting story.,#FreelanceLife #SideHustleTips #WorkFromHome
freelance_side_hustle_tips,storytelling,My first freelance job,How you landed it and lessons learned.,#FreelanceLife #SideHustleTips #WorkFromHome
freelance_side_hustle_tips,storytelling,My first freelance job,How you landed it and lessons learned.,#FreelanceLife #SideHustleTips #WorkFromHome
freelance_side_hustle_tips,storytelling,From 9-5 to freedom,Your quitting story.,#FreelanceLife #SideHustleTips #WorkFromHome
freelance_side_hustle_tips,storytelling,When I almost quit,What made you stay.,#FreelanceLife #SideHustleTips #WorkFromHome
freelance_side_hustle_tips,storytelling,My first freelance job,How you landed it and lessons learned.,#FreelanceLife #SideHustleTips #WorkFromHome
freelance_side_hustle_tips,storytelling,The moment I felt legit,Milestone achievement.,#FreelanceLife #SideHustleTips #WorkFromHome
freelance_side_hustle_tips,storytelling,Biggest project ever,How you handled it.,#FreelanceLife #SideHustleTips #WorkFromHome
parenting_hacks_for_toddlers,educational,Sleep schedule guide,Sample routines for better sleep.,#ParentingTips #ToddlerLife #MomHacks
parenting_hacks_for_toddlers,educational,5-minute toddler meals,Quick and healthy recipes.,#ParentingTips #ToddlerLife #MomHacks
parenting_hacks_for_toddlers,educational,Toddler nutrition,Key foods for growth.,#ParentingTips #ToddlerLife #MomHacks
parenting_hacks_for_toddlers,educational,Sleep schedule guide,Sample routines for better sleep.,#ParentingTips #ToddlerLife #MomHacks
parenting_hacks_for_toddlers,educational,Teaching manners,Fun games to encourage politeness.,#ParentingTips #ToddlerLife #MomHacks
parenting_hacks_for_toddlers,educational,Language development,Simple daily activities to boost vocabulary.,#ParentingTips #ToddlerLife #MomHacks
parenting_hacks_for_toddlers,educational,Screen time balance,How to set healthy limits.,#ParentingTips #ToddlerLife #MomHacks
parenting_hacks_for_toddlers,educational,5-minute toddler meals,Quick and healthy recipes.,#ParentingTips #ToddlerLife #MomHacks
parenting_hacks_for_toddlers,educational,Language development,Simple daily activities to boost vocabulary.,#ParentingTips #ToddlerLife #MomHacks
parenting_hacks_for_toddlers,educational,Positive discipline,Constructive ways to handle tantrums.,#ParentingTips #ToddlerLife #MomHacks
parenting_hacks_for_toddlers,entertaining,Hide and seek champion,Toddler hiding in plain sight.,#ParentingTips #ToddlerLife #MomHacks
parenting_hacks_for_toddlers,entertaining,When they 'help' clean,Making more mess instead.,#ParentingTips #ToddlerLife #MomHacks
parenting_hacks_for_toddlers,entertaining,Mess level 1000,Before and after of playtime.,#ParentingTips #ToddlerLife #MomHacks
parenting_hacks_for_toddlers,entertaining,Parenting memes,Relatable humor posts.,#ParentingTips #ToddlerLife #MomHacks
parenting_hacks_for_toddlers,entertaining,When they 'help' clean,Making more mess instead.,#ParentingTips #ToddlerLife #MomHacks
parenting_hacks_for_toddlers,entertaining,Hide and seek champion,Toddler hiding in plain sight.,#ParentingTips #ToddlerLife #MomHacks
parenting_hacks_for_toddlers,entertaining,When they 'help' clean,Making more mess instead.,#ParentingTips #ToddlerLife #MomHacks
parenting_hacks_for_toddlers,entertaining,Dance party,Spontaneous living room dancing.,#ParentingTips #ToddlerLife #MomHacks
parenting_hacks_for_toddlers,entertaining,Dance party,Spontaneous living room dancing.,#ParentingTips #ToddlerLife #MomHacks
parenting_hacks_for_toddlers,entertaining,Parenting memes,Relatable humor posts.,#ParentingTips #ToddlerLife #MomHacks
parenting_hacks_for_toddlers,promotional,Bundle offer,Sell guides + checklists together.,#ParentingTips #ToddlerLife #MomHacks
parenting_hacks_for_toddlers,promotional,New parenting guide,Announce your e-book launch.,#ParentingTips #ToddlerLife #MomHacks
parenting_hacks_for_toddlers,promotional,New parenting guide,Announce your e-book launch.,#ParentingTips #ToddlerLife #MomHacks
parenting_hacks_for_toddlers,promotional,New parenting guide,Announce your e-book launch.,#ParentingTips #ToddlerLife #MomHacks
parenting_hacks_for_toddlers,promotional,Refer a friend,Reward referrals with freebies.,#ParentingTips #ToddlerLife #MomHacks
parenting_hacks_for_toddlers,promotional,Refer a friend,Reward referrals with freebies.,#ParentingTips #ToddlerLife #MomHacks
parenting_hacks_for_toddlers,promotional,Membership launch,Access to private parenting community.,#ParentingTips #ToddlerLife #MomHacks
parenting_hacks_for_toddlers,promotional,Workshop invite,Online session for toddler parents.,#ParentingTips #ToddlerLife #MomHacks
parenting_hacks_for_toddlers,promotional,New parenting guide,Announce your e-book launch.,#ParentingTips #ToddlerLife #MomHacks
parenting_hacks_for_toddlers,promotional,Membership launch,Access to private parenting community.,#ParentingTips #ToddlerLife #MomHacks
parenting_hacks_for_toddlers,storytelling,First day at preschool,Mixed emotions story.,#ParentingTips #ToddlerLife #MomHacks
parenting_hacks_for_toddlers,storytelling,The day we survived a meltdown,Funny but insightful tantrum story.,#ParentingTips #ToddlerLife #MomHacks
parenting_hacks_for_toddlers,storytelling,First day at preschool,Mixed emotions story.,#ParentingTips #ToddlerLife #MomHacks
parenting_hacks_for_toddlers,storytelling,First day at preschool,Mixed emotions story.,#ParentingTips #ToddlerLife #MomHacks
parenting_hacks_for_toddlers,storytelling,Unexpected kindness,Toddler surprising you.,#ParentingTips #ToddlerLife #MomHacks
parenting_hacks_for_toddlers,storytelling,Messiest day ever,Describe and laugh about it.,#ParentingTips #ToddlerLife #MomHacks
parenting_hacks_for_toddlers,storytelling,First words,Special moment with your toddler.,#ParentingTips #ToddlerLife #MomHacks
parenting_hacks_for_toddlers,storytelling,The time they made you cry (happy tears),Sweetest moment ever.,#ParentingTips #ToddlerLife #MomHacks
parenting_hacks_for_toddlers,storytelling,The time they made you cry (happy tears),Sweetest moment ever.,#ParentingTips #ToddlerLife #MomHacks
parenting_hacks_for_toddlers,storytelling,Travel disaster,Turned into a family memory.,#ParentingTips #ToddlerLife #MomHacks
